Input,Response
roast: LinkedIn,LinkedIn is where people write humble brags in the third person and call it networking.
roast: avocado toast,"Avocado toast: a twenty dollar reason millennials can't afford houses, apparently. Worth it."
roast: NFTs,"NFTs were a digital art movement for people who wanted to own something without being able to touch, see, or sell it."
roast: backend developers,Backend developers refuse to touch CSS and call it a skill issue. It is.
roast: motivational posters,Motivational posters are for offices that want to seem like they care without actually caring.
roast: pineapple on pizza,Pineapple on pizza is a war crime dressed as a topping. The sweetness doesn't belong there. Neither do you.
roast: JavaScript,"JavaScript: the only language where 0 == '0' is true, but 0 == '' is also true, but '0' == '' is false. Logic is optional."
roast: subscription boxes,Subscription boxes ship you things you didn't know you didn't need every month for a price you forgot you agreed to.
roast: data scientists,Data scientists are statisticians who live in San Francisco and charge three times as much.
roast: loyalty cards,Loyalty cards reward you for spending money by letting you spend more money. The system works.
roast: bullet journals,Bullet journals take thirty minutes to set up and are abandoned by Tuesday.
roast: full stack developers,Full stack developers are bad at two things instead of one.
roast: standardized tests,Standardized tests measure how well you take standardized tests. Very useful for taking standardized tests.
roast: working from home,Working from home means your commute is ten steps and your coworkers are your existential dread.
roast: terms and conditions,"Terms and conditions are a legally binding document nobody reads, protecting a company nobody trusts."
roast: gym in January,The gym in January is a temporary exhibition of good intentions that closes by February.
roast: printers,"Printers work fine until the exact moment you need them, at which point they develop a philosophical objection to printing."
roast: goldfish,"Goldfish have a three second memory, which means they're perpetually surprised and arguably living their best life."
roast: self help books,"Self help books tell you to wake up at 5am, drink water, and be the CEO of your own life. Groundbreaking."
roast: password requirements,"Password requirements: must be 12 characters, one uppercase, one symbol, and impossible to remember."
roast: social media influencers,Social media influencers get paid to pretend their life is perfect. Their back hurts from the angles. Worth it.
roast: frontend developers,Frontend developers spend 80% of their time making things look pretty and 20% wondering why it looks different in Safari.
roast: standups,Daily standups: a meeting designed to check if you did the work instead of letting you do the work.
roast: energy drinks,Energy drinks taste like someone dissolved a battery in carbonated regret. Drink up.
roast: online reviews,Online reviews are either five stars from family members or one star from people having a bad day.
roast: life coaches,Life coaches charge you to tell you things your grandmother said for free.
roast: loading screens,Loading screens are the universe's way of testing your patience and finding it lacking.
roast: office hours,Office hours exist so professors can be unavailable at a scheduled time instead of randomly.
roast: merge conflicts,Merge conflicts are git's way of saying your team has commitment issues.
roast: intermittent fasting,Intermittent fasting is skipping breakfast but with a philosophy attached.
roast: Wi-Fi,Wi-Fi: the modern necessity that works perfectly until you actually need it for something important.
roast: pigeons,Pigeons are nature's way of reminding cities that public squares belong to nobody.
roast: reply all emails,Reply all is the nuclear option of office communication. Use it wisely. Nobody does.
roast: group chats,"Group chats are 90% memes, 9% making plans nobody follows through on, and 1% actual communication."
roast: instant ramen,Instant ramen: five cents of flavor and two thousand milligrams of sodium. A college degree in a cup.
roast: PowerPoint presentations,PowerPoint presentations exist so speakers can read slides aloud to people who can also read.
roast: resumes,A resume is a document where you translate napping at your desk into proactive rest optimization.
roast: physical education,PE class was designed to make non-athletic children feel athletic children feel superior. Mission accomplished.
roast: citations,"Citations are the academic version of showing your work, except the work was also someone else's."
roast: cats,Cats are freeloading roommates who knock things off tables as a personality and you thank them for it.
roast: blockchain developers,Blockchain developers solved the problem of trusting databases by creating a database nobody trusts.
roast: meal prepping,Meal preppers eat the same sad chicken and rice for five days and call it discipline. It's called giving up.
roast: npm,npm install: the ritual of downloading half the internet to add a button to a webpage.
roast: Monday,Monday is proof that time is a construct designed to disappoint you on a weekly basis.
roast: traffic,Traffic is a shared punishment for everyone who also didn't want to be at work but showed up anyway.
roast: microservices,"Microservices: because one big problem wasn't enough, so we split it into 47 smaller problems that all call each other."
roast: astrology,Astrology divides all of human complexity into twelve categories based on when the doctor scheduled your birth.
roast: remakes,Hollywood remakes exist to take something people loved and remind them nothing good lasts.
roast: spoilers,Spoiler alerts are for people who think announcing a spoiler counts as not spoiling it.
roast: 10x engineers,"A 10x engineer produces ten times the code, ten times the bugs, and zero times the documentation."
roast: decaf coffee,Decaf coffee is the participation trophy of beverages. You went through all that effort for nothing.
roast: all nighters,All nighters are when students discover their body's full potential for suffering and call it studying.
roast: job interviews,Job interviews: a ritual where strangers ask you to describe your weaknesses so they can decide if you're weak enough.
roast: Java,"Java: write once, debug everywhere. Enjoy your 47 layers of abstraction just to print Hello World."
roast: software updates,Software updates always arrive at the worst possible time and fix problems you didn't know you had.
roast: Kubernetes,Kubernetes: because you wanted to deploy one app but now you manage a small country.
roast: alarm clocks,Alarm clocks are the only invention humanity universally hates but refuses to live without.
roast: selfies,Selfies: the art of taking forty photos to find the one where you look like you didn't try.
roast: standing desks,Standing desks let you be uncomfortable at work in a different position than before.
roast: Stack Overflow,Stack Overflow: where beginners go to have their questions closed as duplicates of questions that don't answer theirs.
roast: programmers,Programmers: people who turn coffee into bugs since 1843.
roast: node_modules,node_modules is heavier than a black hole and takes longer to delete than to understand what it actually does.
roast: CSS,"CSS: where centering a div requires a PhD, three Stack Overflow tabs, and a spiritual awakening."
roast: dogs,Dogs are so aggressively happy to see you that it makes your actual problems feel smaller. Manipulative.
roast: horoscopes,Horoscopes are vague enough to apply to anyone and specific enough that everyone thinks it's about them.
roast: thesis writing,Writing a thesis is the academic tradition of explaining something nobody asked about to people who must pretend to care.
roast: agile,Agile: the process where nobody agrees on what done means but everyone attends a meeting about it daily.
roast: productivity apps,Productivity apps let you spend more time organizing tasks than actually doing them.
roast: open plan offices,Open plan offices were invented by people who hate focus and love the sound of other people chewing.
roast: peer review,Peer review is when other academics who also don't have time read your paper and criticize it for free.
roast: scrum,Scrum is agile for people who need a framework to have a framework.
roast: Python,Python is just pseudocode that somehow runs. Congratulations on learning a language where indentation errors are a personality trait.
roast: calculus,Calculus was invented to describe things moving and changing. It has since been used mainly to fail students.
roast: two-factor authentication,Two-factor authentication: proving your identity to a company that already sold your data.
roast: chemistry homework,Chemistry homework is the academic tradition of balancing equations until you hate atoms personally.
roast: CAPTCHA,"CAPTCHA asks if you're human. After ten failed tries identifying buses, you start to wonder."
roast: university cafeteria food,University cafeteria food teaches students that suffering builds character. It does not.
roast: git,git: a time machine that only goes backwards and only if you remembered to commit before breaking everything.
roast: hustle culture,Hustle culture turns sleep deprivation into a personality trait and burnout into a badge of honor.
roast: multiple choice tests,Multiple choice tests always have two obviously wrong answers and two that are indistinguishable. Good luck.
roast: smartwatches,Smartwatches nag you about not walking enough while you're too busy to walk because you're reading notifications.
roast: crypto bros,Crypto bros discovered the financial system and decided the problem was that it wasn't also a pyramid scheme.
roast: spaghetti code,"Spaghetti code: the culinary art of software, best appreciated cold at 2am the night before a deadline."
roast: README files,README files are the fiction section of software engineering.
roast: lecture slides,Lecture slides contain bullet points summarizing a book you were supposed to read but didn't.
roast: history class,History class teaches you what happened so you can watch it happen again with new graphics.
roast: PHP,"PHP was built by accident and it shows. Every function name is a surprise, every behavior a mystery, every project a cry for help."
roast: cookie consent banners,Cookie consent banners are the internet's way of asking if you accept the terms of being annoyed.
roast: meditation apps,Meditation apps charge a monthly subscription for someone to tell you to breathe. You were already breathing.
roast: DevOps engineers,DevOps engineers write 300 lines of YAML to automate a task that takes 5 seconds manually.
roast: cold showers,Cold showers are for people who want the experience of regretting a decision before 7am.
roast: academic papers,Academic papers are written to be unreadable by design so that nobody notices the conclusions are obvious.
roast: AI researchers,AI researchers promised us sentient robots. We got a chatbot that confidently makes up citations.
roast: Docker,Docker promises consistency across environments. It delivers consistent confusion across all of them.
roast: comments in code,Code comments are love letters to the next developer explaining why you did something terrible.
roast: kale,Kale is what happens when a salad gives up on tasting good and decides to be healthy instead. Nobody asked.
roast: vending machine food,Vending machine food exists to remind you that you should have brought lunch. You didn't. Now suffer.
roast: seagulls,Seagulls are airborne thieves with no remorse and no shame. Respect.
roast: C++,"C++ lets you shoot yourself in the foot, reload, and shoot the other foot while writing a novel about why the first shot was necessary."
roast: machine learning engineers,Machine learning engineers spend 90% of their time cleaning data and 10% explaining why the model is wrong.
roast: group projects,Group projects teach you that three people will do nothing and one person will resent everyone equally.
